<?xml version="1.0" encoding="UTF-8"?>
<lectoratest>
<survey>0</survey>
<grade>1</grade>
<showresults>0</showresults>
<scoreonly>0</scoreonly>
<get>0</get>
<incvar>0</incvar>
<promptsuccess>1</promptsuccess>
<persist>0</persist>
<name>EVA1</name>
<subject>Test Results</subject>
<testtime>0</testtime>
<numrandom>0</numrandom>
<passinggrade>70</passinggrade>
<cancelfail>page862.html</cancelfail>
<passdone>page846.html</passdone>
<prevpage>page862.html</prevpage>
<gdocs>0</gdocs>
<email>0</email>
<page>
<index>0</index>
<name>page878.html</name>
</page>
<section>
<index>1</index>
<id>884</id>
<numrandom>4</numrandom>
<page>
<index>1</index>
<name>page22532507.html</name>
<question>
<id>895</id>
<type>2</type>
<weight>1</weight>
<name>Question A101Q1</name>
<var>VarEVA1_A101Q1</var>
<text>Quisque malesuada orci felis, euismod semper leo hendrerit nec.</text>
<correctans>s9qDq1q7q5rFt4</correctans>
<choices>Image_1|Image_2|Image_3|Image_4</choices>
<allowmult>0</allowmult>
<persist>0</persist>
<gradeindividual>0</gradeindividual>
<surveyquestion>0</surveyquestion>
<anyanswer>0</anyanswer>
<casesensitive>0</casesensitive>
<separator>|</separator>
<relationship>0</relationship>
</question>
</page>
<page>
<index>2</index>
<name>page22532513.html</name>
<question>
<id>957</id>
<type>2</type>
<weight>1</weight>
<name>Question A101Q2</name>
<var>VarEVA1_A101Q2</var>
<text>Nulla nibh velit, suscipit eu enim eget, rhoncus facilisis est.</text>
<correctans>s9qDq1q7q5rFt1</correctans>
<choices>Image_1|Image_2</choices>
<allowmult>0</allowmult>
<persist>0</persist>
<gradeindividual>0</gradeindividual>
<surveyquestion>0</surveyquestion>
<anyanswer>0</anyanswer>
<casesensitive>0</casesensitive>
<separator>|</separator>
<relationship>0</relationship>
</question>
</page>
<page>
<index>3</index>
<name>page22532544.html</name>
<question>
<id>1003</id>
<type>2</type>
<weight>1</weight>
<name>Question A105Q1</name>
<var>VarEVA1_A105Q1</var>
<text>Fusce nulla dolor, accumsan ut placerat sagittis, euismod eu ligula.</text>
<correctans>s9qDq1q7q5rFt4</correctans>
<choices>Image_1|Image_2|Image_3|Image_4</choices>
<allowmult>0</allowmult>
<persist>0</persist>
<gradeindividual>0</gradeindividual>
<surveyquestion>0</surveyquestion>
<anyanswer>0</anyanswer>
<casesensitive>0</casesensitive>
<separator>|</separator>
<relationship>0</relationship>
</question>
</page>
<page>
<index>4</index>
<name>page22532550.html</name>
<question>
<id>1065</id>
<type>2</type>
<weight>1</weight>
<name>Question A105Q2</name>
<var>VarEVA1_A105Q2</var>
<text>Pellentesque habitant morbi tristique senectus et netus et malesuada fames ac turpis egestas. In luctus convallis nisl eu pretium.</text>
<correctans>s9qDq1q7q5rFt2</correctans>
<choices>Image_1|Image_2</choices>
<allowmult>0</allowmult>
<persist>0</persist>
<gradeindividual>0</gradeindividual>
<surveyquestion>0</surveyquestion>
<anyanswer>0</anyanswer>
<casesensitive>0</casesensitive>
<separator>|</separator>
<relationship>0</relationship>
</question>
</page>
</section>
<section>
<index>5</index>
<id>1114</id>
<numrandom>0</numrandom>
<page>
<index>5</index>
<name>page1115.html</name>
</page>
</section>
</lectoratest>
