<?xml version="1.0" encoding="UTF-8"?>
<!--GENERATED BY:  Lectora Publisher v.12.1.4(10190) (http://www.trivantis.com) -->

<lom xmlns="http://www.imsglobal.org/xsd/imsmd_rootv1p2p1"
     xmlns:xsi="http://www.w3.org/2001/XMLSchema-instance"
     xsi:schemaLocation="http://www.imsglobal.org/xsd/imsmd_rootv1p2p1 imsmd_rootv1p2p1.xsd">

  <general>
    <title>
      <langstring xml:lang="en">**** Package TEST LMS client v14Hb1 ****</langstring>
    </title>
    <catalogentry>
      <catalog>Trivantis Courses Catalog</catalog>
      <entry>
         <langstring xml:lang="en">TN_TESTSCOLMS_v14Hb1_en</langstring>
      </entry>
    </catalogentry>
    <language>en</language>
    <description>
      <langstring xml:lang="en">**** Package TEST LMS client v14Hb1 ****</langstring>
    </description>
    <keyword>
      <langstring xml:lang="en">**** Package TEST LMS client v14Hb1 ****</langstring>
    </keyword>
    <aggregationlevel>
      <source>
        <langstring xml:lang="x-none">LOMv1.0</langstring>
      </source>
      <value>
        <langstring xml:lang="x-none">1</langstring>
      </value>
    </aggregationlevel>
  </general>

  <lifecycle>
    <version>
      <langstring xml:lang="x-none">1.0</langstring>
    </version>
    <status>
      <source>
        <langstring xml:lang="x-none">LOMv1.0</langstring>
      </source>
      <value>
        <langstring xml:lang="x-none">Final</langstring>
      </value>
    </status>
    <contribute>
      <role>
        <source>
          <langstring xml:lang="x-none">LOMv1.0</langstring>
        </source>
        <value>
          <langstring xml:lang="x-none">Author</langstring>
        </value>
      </role>
      <centity>
        <vcard>
          BEGIN:vcard
          ORG:Terranova
          END:vcard
         </vcard>
      </centity>
      <date>
         <datetime>2016-03-07</datetime>
      </date>
    </contribute>
  </lifecycle>

  <metametadata>
    <metadatascheme>ADL SCORM(TM) 1.2</metadatascheme>
  </metametadata>

  <technical>
    <format>text/html</format>
    <location type="URI">a001index.html</location>
    <requirement>
      <type>
         <source>
           <langstring xml:lang="x-none">LOMv1.0</langstring>
         </source>
         <value>
           <langstring xml:lang="x-none">Browser</langstring>
         </value>
      </type>
      <name>
         <source>
           <langstring xml:lang="x-none">LOMv1.0</langstring>
         </source>
         <value>
           <langstring xml:lang="x-none">Microsoft Internet Explorer</langstring>
         </value>
      </name>
      <minimumversion>5.0</minimumversion>
    </requirement>
    <otherplatformrequirements>
      <langstring xml:lang="x-none">jswdk1.2.2</langstring>
    </otherplatformrequirements>
  </technical>

  <rights>
    <cost>
      <source>
        <langstring xml:lang="x-none">LOMv1.0</langstring>
      </source>
      <value>
        <langstring xml:lang="x-none">no</langstring>
      </value>
    </cost>
    <copyrightandotherrestrictions>
      <source>
        <langstring xml:lang="x-none">LOMv1.0</langstring>
      </source>
      <value>
        <langstring xml:lang="x-none">no</langstring>
      </value>
    </copyrightandotherrestrictions>
  </rights>
  <classification>
    <purpose>
      <source>
        <langstring xml:lang="x-none">LOMv1.0</langstring>
      </source>
      <value>
        <langstring xml:lang="x-none">Discipline</langstring>
      </value>
    </purpose>
    <description>
      <langstring xml:lang="en">**** Package TEST LMS client v14Hb1 ****</langstring>
    </description>
    <keyword>
      <langstring xml:lang="en">**** Package TEST LMS client v14Hb1 ****</langstring>
    </keyword>
  </classification>

</lom>
